{
    "device": "",
    "devices": {
        "AIRSPY [744c60c8:2137894f]": {
            "agc": true,
            "antenna": 0,
            "gains": {
                "LNA": 3.7249999046325684,
                "MIX": 6.644999980926514,
                "VGA": 3.492000102996826
            },
            "sampleRate": 10000000.0
        },
        "AIRSPY [b58069dc:39825f13]": {
            "agc": true,
            "antenna": 0,
            "gains": {
                "LNA": 6.421999931335449,
                "MIX": 8.404000282287598,
                "VGA": 9.343999862670898
            },
            "sampleRate": 10000000.0
        }
    }
}